group,species_file,chromosomes,genome_size_mb,gc_percent,genes,fasta,gff3
Buprestoidea,Agrilus_biguttatus_GCA_963921985.1.gff3,11,365.820919,31.85762967570119,14623,/N/project/Bracewell_fly/Dwayne/unique_fna_clean/Agrilus_biguttatus_GCA_963921985.1_genomic.fna,/N/project/Bracewell_fly/Dwayne/helixer_results/Buprestoidea_GFF3_filtered_dropIDs/Agrilus_biguttatus_GCA_963921985.1.gff3
Buprestoidea,Agrilus_cyanescens_GCA_947389935.1.gff3,10,292.338215,34.14491551641585,13264,/N/project/Bracewell_fly/Dwayne/unique_fna_clean/Agrilus_cyanescens_GCA_947389935.1_genomic.fna,/N/project/Bracewell_fly/Dwayne/helixer_results/Buprestoidea_GFF3_filtered_dropIDs/Agrilus_cyanescens_GCA_947389935.1.gff3
Buprestoidea,Agrilus_mali_GCA_029378335.1.gff3,10,283.387474,33.005039758903216,13402,/N/project/Bracewell_fly/Dwayne/unique_fna_clean/Agrilus_mali_GCA_029378335.1_genomic.fna,/N/project/Bracewell_fly/Dwayne/helixer_results/Buprestoidea_GFF3_filtered_dropIDs/Agrilus_mali_GCA_029378335.1.gff3
Caraboidea,Abax_parallelepipedus_GCA_964197645.1.gff3,18,579.571419,33.426608860645466,17338,/N/project/Bracewell_fly/Dwayne/unique_fna_clean/Abax_parallelepipedus_GCA_964197645.1_genomic.fna,/N/project/Bracewell_fly/Dwayne/helixer_results/Adephaga_GFF3_filtered_dropIDs/Abax_parallelepipedus_GCA_964197645.1.gff3
Caraboidea,Agonum_fuliginosum_GCA_947534325.1.gff3,19,674.904268,31.575588127790155,19851,/N/project/Bracewell_fly/Dwayne/unique_fna_clean/Agonum_fuliginosum_GCA_947534325.1_genomic.fna,/N/project/Bracewell_fly/Dwayne/helixer_results/Adephaga_GFF3_filtered_dropIDs/Agonum_fuliginosum_GCA_947534325.1.gff3
Caraboidea,Carabus_problematicus_GCA_963422195.1.gff3,14,246.619791,34.53787755386759,16605,/N/project/Bracewell_fly/Dwayne/unique_fna_clean/Carabus_problematicus_GCA_963422195.1_genomic.fna,/N/project/Bracewell_fly/Dwayne/helixer_results/Adephaga_GFF3_filtered_dropIDs/Carabus_problematicus_GCA_963422195.1.gff3
Caraboidea,Clivina_fossor_GCA_963966155.1.gff3,22,528.664599,27.45154844886306,25784,/N/project/Bracewell_fly/Dwayne/unique_fna_clean/Clivina_fossor_GCA_963966155.1_genomic.fna,/N/project/Bracewell_fly/Dwayne/helixer_results/Adephaga_GFF3_filtered_dropIDs/Clivina_fossor_GCA_963966155.1.gff3
Caraboidea,Dromius_quadrimaculatus_GCA_963989225.1.gff3,14,745.516543,33.04240528422908,19496,/N/project/Bracewell_fly/Dwayne/unique_fna_clean/Dromius_quadrimaculatus_GCA_963989225.1_genomic.fna,/N/project/Bracewell_fly/Dwayne/helixer_results/Adephaga_GFF3_filtered_dropIDs/Dromius_quadrimaculatus_GCA_963989225.1.gff3
Caraboidea,Harpalus_rubripes_GCA_963082715.1.gff3,19,1161.167837,31.41745189157132,21462,/N/project/Bracewell_fly/Dwayne/unique_fna_clean/Harpalus_rubripes_GCA_963082715.1_genomic.fna,/N/project/Bracewell_fly/Dwayne/helixer_results/Adephaga_GFF3_filtered_dropIDs/Harpalus_rubripes_GCA_963082715.1.gff3
Caraboidea,Harpalus_rufipes_GCA_951394225.1.gff3,19,883.902434,31.287508198474224,19892,/N/project/Bracewell_fly/Dwayne/unique_fna_clean/Harpalus_rufipes_GCA_951394225.1_genomic.fna,/N/project/Bracewell_fly/Dwayne/helixer_results/Adephaga_GFF3_filtered_dropIDs/Harpalus_rufipes_GCA_951394225.1.gff3
Caraboidea,Leistus_spinibarbis_GCA_933228885.1.gff3,23,227.183333,31.724505961599643,13585,/N/project/Bracewell_fly/Dwayne/unique_fna_clean/Leistus_spinibarbis_GCA_933228885.1_genomic.fna,/N/project/Bracewell_fly/Dwayne/helixer_results/Adephaga_GFF3_filtered_dropIDs/Leistus_spinibarbis_GCA_933228885.1.gff3
Caraboidea,Nebria_brevicollis_GCA_944738965.1.gff3,15,208.173776,32.63153917012967,13406,/N/project/Bracewell_fly/Dwayne/unique_fna_clean/Nebria_brevicollis_GCA_944738965.1_genomic.fna,/N/project/Bracewell_fly/Dwayne/helixer_results/Adephaga_GFF3_filtered_dropIDs/Nebria_brevicollis_GCA_944738965.1.gff3
Caraboidea,Nebria_salina_GCA_944039245.1.gff3,21,224.686194,32.66563024318132,13844,/N/project/Bracewell_fly/Dwayne/unique_fna_clean/Nebria_salina_GCA_944039245.1_genomic.fna,/N/project/Bracewell_fly/Dwayne/helixer_results/Adephaga_GFF3_filtered_dropIDs/Nebria_salina_GCA_944039245.1.gff3
Caraboidea,Ophonus_ardosiacus_GCA_943142095.1.gff3,19,908.246236,30.82208130311743,19293,/N/project/Bracewell_fly/Dwayne/unique_fna_clean/Ophonus_ardosiacus_GCA_943142095.1_genomic.fna,/N/project/Bracewell_fly/Dwayne/helixer_results/Adephaga_GFF3_filtered_dropIDs/Ophonus_ardosiacus_GCA_943142095.1.gff3
Caraboidea,Poecilus_cupreus_GCA_963942605.1.gff3,21,586.659292,31.68208673298237,19545,/N/project/Bracewell_fly/Dwayne/unique_fna_clean/Poecilus_cupreus_GCA_963942605.1_genomic.fna,/N/project/Bracewell_fly/Dwayne/helixer_results/Adephaga_GFF3_filtered_dropIDs/Poecilus_cupreus_GCA_963942605.1.gff3
Caraboidea,Pterostichus_madidus_GCA_911728475.2.gff3,19,704.920005,31.76560459337626,18165,/N/project/Bracewell_fly/Dwayne/unique_fna_clean/Pterostichus_madidus_GCA_911728475.2_genomic.fna,/N/project/Bracewell_fly/Dwayne/helixer_results/Adephaga_GFF3_filtered_dropIDs/Pterostichus_madidus_GCA_911728475.2.gff3
Caraboidea,Pterostichus_niger_GCA_947425015.1.gff3,19,654.122297,31.337017406779708,17665,/N/project/Bracewell_fly/Dwayne/unique_fna_clean/Pterostichus_niger_GCA_947425015.1_genomic.fna,/N/project/Bracewell_fly/Dwayne/helixer_results/Adephaga_GFF3_filtered_dropIDs/Pterostichus_niger_GCA_947425015.1.gff3
Chrysomeloidea,Agelastica_alni_GCA_950111635.2.gff3,12,683.357445,34.34596875207652,15040,/N/project/Bracewell_fly/Dwayne/unique_fna_clean/Agelastica_alni_GCA_950111635.2_genomic.fna,/N/project/Bracewell_fly/Dwayne/helixer_results/Chrysomeloidea_GFF3_filtered_dropIDs/Agelastica_alni_GCA_950111635.2.gff3
Chrysomeloidea,Altica_lythri_GCA_964028335.1.gff3,12,825.806773,31.960488200210406,20099,/N/project/Bracewell_fly/Dwayne/unique_fna_clean/Altica_lythri_GCA_964028335.1_genomic.fna,/N/project/Bracewell_fly/Dwayne/helixer_results/Chrysomeloidea_GFF3_filtered_dropIDs/Altica_lythri_GCA_964028335.1.gff3
Chrysomeloidea,Arhopalus_rusticus_GCA_964213965.1.gff3,9,1212.727101,32.35494950490216,21235,/N/project/Bracewell_fly/Dwayne/unique_fna_clean/Arhopalus_rusticus_GCA_964213965.1_genomic.fna,/N/project/Bracewell_fly/Dwayne/helixer_results/Chrysomeloidea_GFF3_filtered_dropIDs/Arhopalus_rusticus_GCA_964213965.1.gff3
Chrysomeloidea,Brontispa_longissima_GCA_040580785.1.gff3,10,570.615159,33.553424895832066,15890,/N/project/Bracewell_fly/Dwayne/unique_fna_clean/Brontispa_longissima_GCA_040580785.1_genomic.fna,/N/project/Bracewell_fly/Dwayne/helixer_results/Chrysomeloidea_GFF3_filtered_dropIDs/Brontispa_longissima_GCA_040580785.1.gff3
Chrysomeloidea,Bruchidius_siliquastri_GCA_949316355.1.gff3,10,371.754057,36.50070915048531,14933,/N/project/Bracewell_fly/Dwayne/unique_fna_clean/Bruchidius_siliquastri_GCA_949316355.1_genomic.fna,/N/project/Bracewell_fly/Dwayne/helixer_results/Chrysomeloidea_GFF3_filtered_dropIDs/Bruchidius_siliquastri_GCA_949316355.1.gff3
Chrysomeloidea,Bruchidius_varius_GCA_964204745.1.gff3,10,1186.527562,36.99471984648005,20155,/N/project/Bracewell_fly/Dwayne/unique_fna_clean/Bruchidius_varius_GCA_964204745.1_genomic.fna,/N/project/Bracewell_fly/Dwayne/helixer_results/Chrysomeloidea_GFF3_filtered_dropIDs/Bruchidius_varius_GCA_964204745.1.gff3
Chrysomeloidea,Callosobruchus_maculatus_GCA_040182625.1.gff3,9,1109.943761,37.77732842505194,18140,/N/project/Bracewell_fly/Dwayne/unique_fna_clean/Callosobruchus_maculatus_GCA_040182625.1_genomic.fna,/N/project/Bracewell_fly/Dwayne/helixer_results/Chrysomeloidea_GFF3_filtered_dropIDs/Callosobruchus_maculatus_GCA_040182625.1.gff3
Chrysomeloidea,Chrysolina_americana_GCA_958502065.1.gff3,12,975.80206,36.41342528101759,19170,/N/project/Bracewell_fly/Dwayne/unique_fna_clean/Chrysolina_americana_GCA_958502065.1_genomic.fna,/N/project/Bracewell_fly/Dwayne/helixer_results/Chrysomeloidea_GFF3_filtered_dropIDs/Chrysolina_americana_GCA_958502065.1.gff3
Chrysomeloidea,Chrysolina_graminis_GCA_964197785.1.gff3,12,1438.31896,36.221608311501576,27412,/N/project/Bracewell_fly/Dwayne/unique_fna_clean/Chrysolina_graminis_GCA_964197785.1_genomic.fna,/N/project/Bracewell_fly/Dwayne/helixer_results/Chrysomeloidea_GFF3_filtered_dropIDs/Chrysolina_graminis_GCA_964197785.1.gff3
Chrysomeloidea,Chrysolina_haemoptera_GCA_958298965.1.gff3,20,709.93823,35.11527081013025,25614,/N/project/Bracewell_fly/Dwayne/unique_fna_clean/Chrysolina_haemoptera_GCA_958298965.1_genomic.fna,/N/project/Bracewell_fly/Dwayne/helixer_results/Chrysomeloidea_GFF3_filtered_dropIDs/Chrysolina_haemoptera_GCA_958298965.1.gff3
Chrysomeloidea,Chrysolina_oricalcia_GCA_944452925.2.gff3,22,1420.951106,33.87498846,24982,/N/project/Bracewell_fly/Dwayne/unique_fna_clean/Chrysolina_oricalcia_GCA_944452925.2_genomic.fna,/N/project/Bracewell_fly/Dwayne/helixer_results/Chrysomeloidea_GFF3_filtered_dropIDs/Chrysolina_oricalcia_GCA_944452925.2.gff3
Chrysomeloidea,Chrysomela_aeneicollis_GCA_027562985.1.gff3,21,341.744276,35.15817939331532,15808,/N/project/Bracewell_fly/Dwayne/unique_fna_clean/Chrysomela_aeneicollis_GCA_027562985.1_genomic.fna,/N/project/Bracewell_fly/Dwayne/helixer_results/Chrysomeloidea_GFF3_filtered_dropIDs/Chrysomela_aeneicollis_GCA_027562985.1.gff3
Chrysomeloidea,Crepidodera_aurea_GCA_949320105.2.gff3,10,505.654923,32.04615621318336,17963,/N/project/Bracewell_fly/Dwayne/unique_fna_clean/Crepidodera_aurea_GCA_949320105.2_genomic.fna,/N/project/Bracewell_fly/Dwayne/helixer_results/Chrysomeloidea_GFF3_filtered_dropIDs/Crepidodera_aurea_GCA_949320105.2.gff3
Chrysomeloidea,Crioceris_asparagi_GCA_958507055.1.gff3,8,589.779302,33.12694870765306,18084,/N/project/Bracewell_fly/Dwayne/unique_fna_clean/Crioceris_asparagi_GCA_958507055.1_genomic.fna,/N/project/Bracewell_fly/Dwayne/helixer_results/Chrysomeloidea_GFF3_filtered_dropIDs/Crioceris_asparagi_GCA_958507055.1.gff3
Chrysomeloidea,Cryptocephalus_moraei_GCA_946251905.1.gff3,15,491.875392,36.398111078233974,19652,/N/project/Bracewell_fly/Dwayne/unique_fna_clean/Cryptocephalus_moraei_GCA_946251905.1_genomic.fna,/N/project/Bracewell_fly/Dwayne/helixer_results/Chrysomeloidea_GFF3_filtered_dropIDs/Cryptocephalus_moraei_GCA_946251905.1.gff3
Chrysomeloidea,Cryptocephalus_primarius_GCA_963576515.1.gff3,20,314.117811,36.85834704937831,15089,/N/project/Bracewell_fly/Dwayne/unique_fna_clean/Cryptocephalus_primarius_GCA_963576515.1_genomic.fna,/N/project/Bracewell_fly/Dwayne/helixer_results/Chrysomeloidea_GFF3_filtered_dropIDs/Cryptocephalus_primarius_GCA_963576515.1.gff3
Chrysomeloidea,Diabrotica_balteata_GCA_918026665.1.gff3,10,1567.468926,33.122455460975374,19197,/N/project/Bracewell_fly/Dwayne/unique_fna_clean/Diabrotica_balteata_GCA_918026665.1_genomic.fna,/N/project/Bracewell_fly/Dwayne/helixer_results/Chrysomeloidea_GFF3_filtered_dropIDs/Diabrotica_balteata_GCA_918026665.1.gff3
Chrysomeloidea,Diabrotica_undecimpunctata_GCA_040954645.1.gff3,10,1611.452875,33.04843342926712,18520,/N/project/Bracewell_fly/Dwayne/unique_fna_clean/Diabrotica_undecimpunctata_GCA_040954645.1_genomic.fna,/N/project/Bracewell_fly/Dwayne/helixer_results/Chrysomeloidea_GFF3_filtered_dropIDs/Diabrotica_undecimpunctata_GCA_040954645.1.gff3
Chrysomeloidea,Diabrotica_virgifera_virgifera_GCF_917563875.1.gff3,10,2533.404242,33.05073075205833,21129,/N/project/Bracewell_fly/Dwayne/unique_fna_clean/Diabrotica_virgifera_virgifera_GCF_917563875.1_genomic.fna,/N/project/Bracewell_fly/Dwayne/helixer_results/Chrysomeloidea_GFF3_filtered_dropIDs/Diabrotica_virgifera_virgifera_GCF_917563875.1.gff3
Chrysomeloidea,Diorhabda_carinata_GCA_029229535.1.gff3,13,433.504776,32.12883523591927,15302,/N/project/Bracewell_fly/Dwayne/unique_fna_clean/Diorhabda_carinata_GCA_029229535.1_genomic.fna,/N/project/Bracewell_fly/Dwayne/helixer_results/Chrysomeloidea_GFF3_filtered_dropIDs/Diorhabda_carinata_GCA_029229535.1.gff3
Chrysomeloidea,Diorhabda_carinulata_GCF_026250575.1.gff3,14,398.222411,32.02241276922563,15582,/N/project/Bracewell_fly/Dwayne/unique_fna_clean/Diorhabda_carinulata_GCF_026250575.1_genomic.fna,/N/project/Bracewell_fly/Dwayne/helixer_results/Chrysomeloidea_GFF3_filtered_dropIDs/Diorhabda_carinulata_GCF_026250575.1.gff3
Chrysomeloidea,Diorhabda_elongata_GCA_026230145.1.gff3,13,444.67208,32.167894881567875,15496,/N/project/Bracewell_fly/Dwayne/unique_fna_clean/Diorhabda_elongata_GCA_026230145.1_genomic.fna,/N/project/Bracewell_fly/Dwayne/helixer_results/Chrysomeloidea_GFF3_filtered_dropIDs/Diorhabda_elongata_GCA_026230145.1.gff3
Chrysomeloidea,Diorhabda_sublineata_GCF_026230105.1.gff3,13,422.293481,32.11155451546946,15338,/N/project/Bracewell_fly/Dwayne/unique_fna_clean/Diorhabda_sublineata_GCF_026230105.1_genomic.fna,/N/project/Bracewell_fly/Dwayne/helixer_results/Chrysomeloidea_GFF3_filtered_dropIDs/Diorhabda_sublineata_GCF_026230105.1.gff3
Chrysomeloidea,Galeruca_laticollis_GCA_963921935.1.gff3,12,2139.968716,33.44655518626972,26239,/N/project/Bracewell_fly/Dwayne/unique_fna_clean/Galeruca_laticollis_GCA_963921935.1_genomic.fna,/N/project/Bracewell_fly/Dwayne/helixer_results/Chrysomeloidea_GFF3_filtered_dropIDs/Galeruca_laticollis_GCA_963921935.1.gff3
Chrysomeloidea,Galerucella_nymphaeae_GCA_963978555.1.gff3,16,349.514927,33.36305588826606,17395,/N/project/Bracewell_fly/Dwayne/unique_fna_clean/Galerucella_nymphaeae_GCA_963978555.1_genomic.fna,/N/project/Bracewell_fly/Dwayne/helixer_results/Chrysomeloidea_GFF3_filtered_dropIDs/Galerucella_nymphaeae_GCA_963978555.1.gff3
Chrysomeloidea,Gastrophysa_polygoni_GCA_963576655.1.gff3,12,369.383381,35.95184861119944,15391,/N/project/Bracewell_fly/Dwayne/unique_fna_clean/Gastrophysa_polygoni_GCA_963576655.1_genomic.fna,/N/project/Bracewell_fly/Dwayne/helixer_results/Chrysomeloidea_GFF3_filtered_dropIDs/Gastrophysa_polygoni_GCA_963576655.1.gff3
Chrysomeloidea,Hermaeophaga_mercurialis_GCA_951812935.1.gff3,9,399.258776,29.84465947123348,16024,/N/project/Bracewell_fly/Dwayne/unique_fna_clean/Hermaeophaga_mercurialis_GCA_951812935.1_genomic.fna,/N/project/Bracewell_fly/Dwayne/helixer_results/Chrysomeloidea_GFF3_filtered_dropIDs/Hermaeophaga_mercurialis_GCA_951812935.1.gff3
Chrysomeloidea,Leptinotarsa_decemlineata_GCA_024712935.1.gff3,18,957.960589,34.822114026061925,27258,/N/project/Bracewell_fly/Dwayne/unique_fna_clean/Leptinotarsa_decemlineata_GCA_024712935.1_genomic.fna,/N/project/Bracewell_fly/Dwayne/helixer_results/Chrysomeloidea_GFF3_filtered_dropIDs/Leptinotarsa_decemlineata_GCA_024712935.1.gff3
Chrysomeloidea,Leptura_quadrifasciata_GCA_963675555.1.gff3,10,1398.095231,34.284094131796685,22214,/N/project/Bracewell_fly/Dwayne/unique_fna_clean/Leptura_quadrifasciata_GCA_963675555.1_genomic.fna,/N/project/Bracewell_fly/Dwayne/helixer_results/Chrysomeloidea_GFF3_filtered_dropIDs/Leptura_quadrifasciata_GCA_963675555.1.gff3
Chrysomeloidea,Lochmaea_capreae_GCA_949126875.1.gff3,17,534.180827,33.70126786394528,20721,/N/project/Bracewell_fly/Dwayne/unique_fna_clean/Lochmaea_capreae_GCA_949126875.1_genomic.fna,/N/project/Bracewell_fly/Dwayne/helixer_results/Chrysomeloidea_GFF3_filtered_dropIDs/Lochmaea_capreae_GCA_949126875.1.gff3
Chrysomeloidea,Lochmaea_crataegi_GCA_947563755.1.gff3,16,859.650374,33.83776131,23703,/N/project/Bracewell_fly/Dwayne/unique_fna_clean/Lochmaea_crataegi_GCA_947563755.1_genomic.fna,/N/project/Bracewell_fly/Dwayne/helixer_results/Chrysomeloidea_GFF3_filtered_dropIDs/Lochmaea_crataegi_GCA_947563755.1.gff3
Chrysomeloidea,Longitarsus_flavicornis_GCA_964258785.1.gff3,15,998.612843,32.88741448677656,19119,/N/project/Bracewell_fly/Dwayne/unique_fna_clean/Longitarsus_flavicornis_GCA_964258785.1_genomic.fna,/N/project/Bracewell_fly/Dwayne/helixer_results/Chrysomeloidea_GFF3_filtered_dropIDs/Longitarsus_flavicornis_GCA_964258785.1.gff3
Chrysomeloidea,Monochamus_alternatus_GCA_037114965.1.gff3,10,786.125991,32.36682627933976,21154,/N/project/Bracewell_fly/Dwayne/unique_fna_clean/Monochamus_alternatus_GCA_037114965.1_genomic.fna,/N/project/Bracewell_fly/Dwayne/helixer_results/Chrysomeloidea_GFF3_filtered_dropIDs/Monochamus_alternatus_GCA_037114965.1.gff3
Chrysomeloidea,Monochamus_saltuarius_GCA_025584915.1.gff3,10,655.555998,33.17943766822975,17979,/N/project/Bracewell_fly/Dwayne/unique_fna_clean/Monochamus_saltuarius_GCA_025584915.1_genomic.fna,/N/project/Bracewell_fly/Dwayne/helixer_results/Chrysomeloidea_GFF3_filtered_dropIDs/Monochamus_saltuarius_GCA_025584915.1.gff3
Chrysomeloidea,Neocrepidodera_transversa_GCA_963243735.1.gff3,21,628.22621,29.932397618737316,17092,/N/project/Bracewell_fly/Dwayne/unique_fna_clean/Neocrepidodera_transversa_GCA_963243735.1_genomic.fna,/N/project/Bracewell_fly/Dwayne/helixer_results/Chrysomeloidea_GFF3_filtered_dropIDs/Neocrepidodera_transversa_GCA_963243735.1.gff3
Chrysomeloidea,Octodonta_nipae_GCA_034190945.1.gff3,9,1260.278144,33.535553815614925,18728,/N/project/Bracewell_fly/Dwayne/unique_fna_clean/Octodonta_nipae_GCA_034190945.1_genomic.fna,/N/project/Bracewell_fly/Dwayne/helixer_results/Chrysomeloidea_GFF3_filtered_dropIDs/Octodonta_nipae_GCA_034190945.1.gff3
Chrysomeloidea,Ophraella_communa_GCA_035357415.1.gff3,17,717.472583,31.982896401168357,20396,/N/project/Bracewell_fly/Dwayne/unique_fna_clean/Ophraella_communa_GCA_035357415.1_genomic.fna,/N/project/Bracewell_fly/Dwayne/helixer_results/Chrysomeloidea_GFF3_filtered_dropIDs/Ophraella_communa_GCA_035357415.1.gff3
Chrysomeloidea,Phaedon_cochleariae_GCA_918026855.4.gff3,17,869.532125,36.118223715063635,22235,/N/project/Bracewell_fly/Dwayne/unique_fna_clean/Phaedon_cochleariae_GCA_918026855.4_genomic.fna,/N/project/Bracewell_fly/Dwayne/helixer_results/Chrysomeloidea_GFF3_filtered_dropIDs/Phaedon_cochleariae_GCA_918026855.4.gff3
Chrysomeloidea,Phyllotreta_cruciferae_GCA_917563865.1.gff3,17,135.120912,35.070950803756915,14818,/N/project/Bracewell_fly/Dwayne/unique_fna_clean/Phyllotreta_cruciferae_GCA_917563865.1_genomic.fna,/N/project/Bracewell_fly/Dwayne/helixer_results/Chrysomeloidea_GFF3_filtered_dropIDs/Phyllotreta_cruciferae_GCA_917563865.1.gff3
Chrysomeloidea,Phyllotreta_striolata_GCA_918026865.1.gff3,15,127.345223,35.83706669617938,14176,/N/project/Bracewell_fly/Dwayne/unique_fna_clean/Phyllotreta_striolata_GCA_918026865.1_genomic.fna,/N/project/Bracewell_fly/Dwayne/helixer_results/Chrysomeloidea_GFF3_filtered_dropIDs/Phyllotreta_striolata_GCA_918026865.1.gff3
Chrysomeloidea,Plagiodera_versicolora_GCA_035321685.1.gff3,16,221.642368,35.317268178810465,15818,/N/project/Bracewell_fly/Dwayne/unique_fna_clean/Plagiodera_versicolora_GCA_035321685.1_genomic.fna,/N/project/Bracewell_fly/Dwayne/helixer_results/Chrysomeloidea_GFF3_filtered_dropIDs/Plagiodera_versicolora_GCA_035321685.1.gff3
Chrysomeloidea,Pogonocherus_hispidulus_GCA_963924545.1.gff3,10,700.666211,32.96659925690794,23210,/N/project/Bracewell_fly/Dwayne/unique_fna_clean/Pogonocherus_hispidulus_GCA_963924545.1_genomic.fna,/N/project/Bracewell_fly/Dwayne/helixer_results/Chrysomeloidea_GFF3_filtered_dropIDs/Pogonocherus_hispidulus_GCA_963924545.1.gff3
Chrysomeloidea,Psylliodes_chrysocephala_GCA_927349885.1.gff3,23,1174.450104,31.370711873992537,22093,/N/project/Bracewell_fly/Dwayne/unique_fna_clean/Psylliodes_chrysocephala_GCA_927349885.1_genomic.fna,/N/project/Bracewell_fly/Dwayne/helixer_results/Chrysomeloidea_GFF3_filtered_dropIDs/Psylliodes_chrysocephala_GCA_927349885.1.gff3
Chrysomeloidea,Rhagium_mordax_GCA_963680705.1.gff3,10,771.502434,32.92602340809725,22643,/N/project/Bracewell_fly/Dwayne/unique_fna_clean/Rhagium_mordax_GCA_963680705.1_genomic.fna,/N/project/Bracewell_fly/Dwayne/helixer_results/Chrysomeloidea_GFF3_filtered_dropIDs/Rhagium_mordax_GCA_963680705.1.gff3
Chrysomeloidea,Rutpela_maculata_GCA_936432065.2.gff3,10,2008.949191,33.69047068290947,21915,/N/project/Bracewell_fly/Dwayne/unique_fna_clean/Rutpela_maculata_GCA_936432065.2_genomic.fna,/N/project/Bracewell_fly/Dwayne/helixer_results/Chrysomeloidea_GFF3_filtered_dropIDs/Rutpela_maculata_GCA_936432065.2.gff3
Chrysomeloidea,Stenurella_melanura_GCA_963583905.1.gff3,10,1566.692953,33.353983102721514,24795,/N/project/Bracewell_fly/Dwayne/unique_fna_clean/Stenurella_melanura_GCA_963583905.1_genomic.fna,/N/project/Bracewell_fly/Dwayne/helixer_results/Chrysomeloidea_GFF3_filtered_dropIDs/Stenurella_melanura_GCA_963583905.1.gff3
Chrysomeloidea,Stictoleptura_scutellata_GCA_964212005.1.gff3,10,1456.13149,33.48756136427346,18834,/N/project/Bracewell_fly/Dwayne/unique_fna_clean/Stictoleptura_scutellata_GCA_964212005.1_genomic.fna,/N/project/Bracewell_fly/Dwayne/helixer_results/Chrysomeloidea_GFF3_filtered_dropIDs/Stictoleptura_scutellata_GCA_964212005.1.gff3
Chrysomeloidea,Tetropium_fuscum_GCA_964058775.1.gff3,12,553.463795,33.59376822676784,18357,/N/project/Bracewell_fly/Dwayne/unique_fna_clean/Tetropium_fuscum_GCA_964058775.1_genomic.fna,/N/project/Bracewell_fly/Dwayne/helixer_results/Chrysomeloidea_GFF3_filtered_dropIDs/Tetropium_fuscum_GCA_964058775.1.gff3
Cleroidea,Anthocomus_fasciatus_GCA_964258815.1.gff3,10,527.328598,35.46251178347692,18473,/N/project/Bracewell_fly/Dwayne/unique_fna_clean/Anthocomus_fasciatus_GCA_964258815.1_genomic.fna,/N/project/Bracewell_fly/Dwayne/helixer_results/Cleroidea_GFF3_filtered_dropIDs/Anthocomus_fasciatus_GCA_964258815.1.gff3
Cleroidea,Malachius_bipustulatus_GCA_910589415.1.gff3,10,535.234349,35.49673716868126,19329,/N/project/Bracewell_fly/Dwayne/unique_fna_clean/Malachius_bipustulatus_GCA_910589415.1_genomic.fna,/N/project/Bracewell_fly/Dwayne/helixer_results/Cleroidea_GFF3_filtered_dropIDs/Malachius_bipustulatus_GCA_910589415.1.gff3
Cleroidea,Tillus_elongatus_GCA_964006375.1.gff3,10,1700.718323,35.33335555359122,16737,/N/project/Bracewell_fly/Dwayne/unique_fna_clean/Tillus_elongatus_GCA_964006375.1_genomic.fna,/N/project/Bracewell_fly/Dwayne/helixer_results/Cleroidea_GFF3_filtered_dropIDs/Tillus_elongatus_GCA_964006375.1.gff3
Coccinelloidea,Adalia_bipunctata_GCA_910592335.1.gff3,10,447.743778,36.17173816513653,17780,/N/project/Bracewell_fly/Dwayne/unique_fna_clean/Adalia_bipunctata_GCA_910592335.1_genomic.fna,/N/project/Bracewell_fly/Dwayne/helixer_results/Coccinelloidea_GFF3_filtered_dropIDs/Adalia_bipunctata_GCA_910592335.1.gff3
Coccinelloidea,Adalia_decempunctata_GCA_951802165.1.gff3,12,484.348921,36.41215133286525,19482,/N/project/Bracewell_fly/Dwayne/unique_fna_clean/Adalia_decempunctata_GCA_951802165.1_genomic.fna,/N/project/Bracewell_fly/Dwayne/helixer_results/Coccinelloidea_GFF3_filtered_dropIDs/Adalia_decempunctata_GCA_951802165.1.gff3
Coccinelloidea,Anisosticta_novemdecimpunctata_GCA_964188095.1.gff3,11,424.088207,35.60537660755313,20405,/N/project/Bracewell_fly/Dwayne/unique_fna_clean/Anisosticta_novemdecimpunctata_GCA_964188095.1_genomic.fna,/N/project/Bracewell_fly/Dwayne/helixer_results/Coccinelloidea_GFF3_filtered_dropIDs/Anisosticta_novemdecimpunctata_GCA_964188095.1.gff3
Coccinelloidea,Aphidecta_obliterata_GCA_963966015.1.gff3,10,341.47613,36.10650661,16466,/N/project/Bracewell_fly/Dwayne/unique_fna_clean/Aphidecta_obliterata_GCA_963966015.1_genomic.fna,/N/project/Bracewell_fly/Dwayne/helixer_results/Coccinelloidea_GFF3_filtered_dropIDs/Aphidecta_obliterata_GCA_963966015.1.gff3
Coccinelloidea,Calvia_quattuordecimguttata_GCA_964059645.1.gff3,10,838.580035,36.22232859402681,20980,/N/project/Bracewell_fly/Dwayne/unique_fna_clean/Calvia_quattuordecimguttata_GCA_964059645.1_genomic.fna,/N/project/Bracewell_fly/Dwayne/helixer_results/Coccinelloidea_GFF3_filtered_dropIDs/Calvia_quattuordecimguttata_GCA_964059645.1.gff3
Coccinelloidea,Cartodere_bifasciata_GCA_963920755.1.gff3,10,174.342238,31.924048509998915,14485,/N/project/Bracewell_fly/Dwayne/unique_fna_clean/Cartodere_bifasciata_GCA_963920755.1_genomic.fna,/N/project/Bracewell_fly/Dwayne/helixer_results/Coccinelloidea_GFF3_filtered_dropIDs/Cartodere_bifasciata_GCA_963920755.1.gff3
Coccinelloidea,Coccinella_septempunctata_GCF_907165205.1.gff3,10,398.192398,36.41666704653068,16040,/N/project/Bracewell_fly/Dwayne/unique_fna_clean/Coccinella_septempunctata_GCF_907165205.1_genomic.fna,/N/project/Bracewell_fly/Dwayne/helixer_results/Coccinelloidea_GFF3_filtered_dropIDs/Coccinella_septempunctata_GCF_907165205.1.gff3
Coccinelloidea,Dastarcus_helophoroides_GCA_028583605.1.gff3,13,536.106268,31.495858121409032,16718,/N/project/Bracewell_fly/Dwayne/unique_fna_clean/Dastarcus_helophoroides_GCA_028583605.1_genomic.fna,/N/project/Bracewell_fly/Dwayne/helixer_results/Coccinelloidea_GFF3_filtered_dropIDs/Dastarcus_helophoroides_GCA_028583605.1.gff3
Coccinelloidea,Endomychus_coccineus_GCA_958510875.1.gff3,6,873.841446,34.740988250982554,21338,/N/project/Bracewell_fly/Dwayne/unique_fna_clean/Endomychus_coccineus_GCA_958510875.1_genomic.fna,/N/project/Bracewell_fly/Dwayne/helixer_results/Coccinelloidea_GFF3_filtered_dropIDs/Endomychus_coccineus_GCA_958510875.1.gff3
Coccinelloidea,Halyzia_sedecimguttata_GCA_937662695.2.gff3,10,903.24212,35.73520923099148,19720,/N/project/Bracewell_fly/Dwayne/unique_fna_clean/Halyzia_sedecimguttata_GCA_937662695.2_genomic.fna,/N/project/Bracewell_fly/Dwayne/helixer_results/Coccinelloidea_GFF3_filtered_dropIDs/Halyzia_sedecimguttata_GCA_937662695.2.gff3
Coccinelloidea,Harmonia_axyridis_GCF_914767665.1.gff3,8,425.274714,35.14665990953472,19208,/N/project/Bracewell_fly/Dwayne/unique_fna_clean/Harmonia_axyridis_GCF_914767665.1_genomic.fna,/N/project/Bracewell_fly/Dwayne/helixer_results/Coccinelloidea_GFF3_filtered_dropIDs/Harmonia_axyridis_GCF_914767665.1.gff3
Coccinelloidea,Hippodamia_convergens_GCA_038502775.1.gff3,8,527.013188,35.13547667288317,19601,/N/project/Bracewell_fly/Dwayne/unique_fna_clean/Hippodamia_convergens_GCA_038502775.1_genomic.fna,/N/project/Bracewell_fly/Dwayne/helixer_results/Coccinelloidea_GFF3_filtered_dropIDs/Hippodamia_convergens_GCA_038502775.1.gff3
Coccinelloidea,Megalocaria_dilatata_GCA_034642435.1.gff3,10,711.862877,33.69468226020072,17662,/N/project/Bracewell_fly/Dwayne/unique_fna_clean/Megalocaria_dilatata_GCA_034642435.1_genomic.fna,/N/project/Bracewell_fly/Dwayne/helixer_results/Coccinelloidea_GFF3_filtered_dropIDs/Megalocaria_dilatata_GCA_034642435.1.gff3
Coccinelloidea,Myrrha_octodecimguttata_GCA_958510865.1.gff3,10,650.952534,35.42806728999373,19560,/N/project/Bracewell_fly/Dwayne/unique_fna_clean/Myrrha_octodecimguttata_GCA_958510865.1_genomic.fna,/N/project/Bracewell_fly/Dwayne/helixer_results/Coccinelloidea_GFF3_filtered_dropIDs/Myrrha_octodecimguttata_GCA_958510865.1.gff3
Coccinelloidea,Pjab_Bracewell_helixer_helixer.gff3,10,804.299998,35.137339486788605,27888,/N/project/Bracewell_fly/Dwayne/helixer_results/New_Pjab/Pjab_Bracewell_helixer_helixer.fasta,/N/project/Bracewell_fly/Dwayne/helixer_results/New_Pjab/Pjab_Bracewell_helixer_helixer.gff
Coccinelloidea,Serangium_japonicum_GCA_040543525.2.gff3,10,433.03868,27.885512453433364,13094,/N/project/Bracewell_fly/Dwayne/unique_fna_clean/Serangium_japonicum_GCA_040543525.2_genomic.fna,/N/project/Bracewell_fly/Dwayne/helixer_results/Coccinelloidea_GFF3_filtered_dropIDs/Serangium_japonicum_GCA_040543525.2.gff3
Cucujoidea,Aethina_tumida_GCF_024364675.1.gff3,8,259.967705,27.92677801135427,15913,/N/project/Bracewell_fly/Dwayne/unique_fna_clean/Aethina_tumida_GCF_024364675.1_genomic.fna,/N/project/Bracewell_fly/Dwayne/helixer_results/Cucojoidea_GFF3_filtered_dropIDs/Aethina_tumida_GCF_024364675.1.gff3
Cucujoidea,Brachypterus_glaber_GCA_958510825.1.gff3,11,617.404163,30.627951647667125,13407,/N/project/Bracewell_fly/Dwayne/unique_fna_clean/Brachypterus_glaber_GCA_958510825.1_genomic.fna,/N/project/Bracewell_fly/Dwayne/helixer_results/Cucojoidea_GFF3_filtered_dropIDs/Brachypterus_glaber_GCA_958510825.1.gff3
Cucujoidea,Brassicogethes_aeneus_GCA_921294245.1.gff3,11,585.278335,30.573177826071344,18218,/N/project/Bracewell_fly/Dwayne/unique_fna_clean/Brassicogethes_aeneus_GCA_921294245.1_genomic.fna,/N/project/Bracewell_fly/Dwayne/helixer_results/Cucojoidea_GFF3_filtered_dropIDs/Brassicogethes_aeneus_GCA_921294245.1.gff3
Cucujoidea,Cryptophagus_acutangulus_GCA_963556235.1.gff3,16,118.433028,33.24521908017607,14470,/N/project/Bracewell_fly/Dwayne/unique_fna_clean/Cryptophagus_acutangulus_GCA_963556235.1_genomic.fna,/N/project/Bracewell_fly/Dwayne/helixer_results/Cucojoidea_GFF3_filtered_dropIDs/Cryptophagus_acutangulus_GCA_963556235.1.gff3
Cucujoidea,Pediacus_dermestoides_GCA_963942485.1.gff3,10,220.092565,31.902682129366525,15666,/N/project/Bracewell_fly/Dwayne/unique_fna_clean/Pediacus_dermestoides_GCA_963942485.1_genomic.fna,/N/project/Bracewell_fly/Dwayne/helixer_results/Cucojoidea_GFF3_filtered_dropIDs/Pediacus_dermestoides_GCA_963942485.1.gff3
Cucujoidea,Silvanus_unidentatus_GCA_963930825.1.gff3,7,157.047549,33.04610130236553,13247,/N/project/Bracewell_fly/Dwayne/unique_fna_clean/Silvanus_unidentatus_GCA_963930825.1_genomic.fna,/N/project/Bracewell_fly/Dwayne/helixer_results/Cucojoidea_GFF3_filtered_dropIDs/Silvanus_unidentatus_GCA_963930825.1.gff3
Curculionoidea,Anthonomus_grandis_grandis_GCF_022605725.1.gff3,24,672.931387,32.08350356555402,18086,/N/project/Bracewell_fly/Dwayne/unique_fna_clean/Anthonomus_grandis_grandis_GCF_022605725.1_genomic.fna,/N/project/Bracewell_fly/Dwayne/helixer_results/Curculionoidea_GFF3_filtered_dropIDs/Anthonomus_grandis_grandis_GCF_022605725.1.gff3
Curculionoidea,Anthonomus_grandis_thurberiae_GCA_030068095.1.gff3,22,669.380318,32.12148968070968,18450,/N/project/Bracewell_fly/Dwayne/unique_fna_clean/Anthonomus_grandis_thurberiae_GCA_030068095.1_genomic.fna,/N/project/Bracewell_fly/Dwayne/helixer_results/Curculionoidea_GFF3_filtered_dropIDs/Anthonomus_grandis_thurberiae_GCA_030068095.1.gff3
Curculionoidea,Apoderus_coryli_GCA_911728435.2.gff3,19,421.147852,32.78899671523665,20545,/N/project/Bracewell_fly/Dwayne/unique_fna_clean/Apoderus_coryli_GCA_911728435.2_genomic.fna,/N/project/Bracewell_fly/Dwayne/helixer_results/Curculionoidea_GFF3_filtered_dropIDs/Apoderus_coryli_GCA_911728435.2.gff3
Curculionoidea,Aspidapion_aeneum_GCA_963576565.1.gff3,11,1270.501322,33.96699787165246,15700,/N/project/Bracewell_fly/Dwayne/unique_fna_clean/Aspidapion_aeneum_GCA_963576565.1_genomic.fna,/N/project/Bracewell_fly/Dwayne/helixer_results/Curculionoidea_GFF3_filtered_dropIDs/Aspidapion_aeneum_GCA_963576565.1.gff3
Curculionoidea,Barypeithes_pellucidus_GCA_963991005.1.gff3,11,723.59337,33.84173737386524,25329,/N/project/Bracewell_fly/Dwayne/unique_fna_clean/Barypeithes_pellucidus_GCA_963991005.1_genomic.fna,/N/project/Bracewell_fly/Dwayne/helixer_results/Curculionoidea_GFF3_filtered_dropIDs/Barypeithes_pellucidus_GCA_963991005.1.gff3
Curculionoidea,Ceutorhynchus_assimilis_GCA_917834065.1.gff3,16,667.035412,35.29774449537246,19285,/N/project/Bracewell_fly/Dwayne/unique_fna_clean/Ceutorhynchus_assimilis_GCA_917834065.1_genomic.fna,/N/project/Bracewell_fly/Dwayne/helixer_results/Curculionoidea_GFF3_filtered_dropIDs/Ceutorhynchus_assimilis_GCA_917834065.1.gff3
Curculionoidea,Dendroctonus_frontalis_GCA_040113315.1.gff3,8,169.616209,36.61227956,15171,/N/project/Bracewell_fly/Dwayne/unique_fna_clean/Dendroctonus_frontalis_GCA_040113315.1_genomic.fna,/N/project/Bracewell_fly/Dwayne/helixer_results/Curculionoidea_GFF3_filtered_dropIDs/Dendroctonus_frontalis_GCA_040113315.1.gff3
Curculionoidea,Eucryptorrhynchus_brandti_GCA_040894065.1.gff3,21,400.370607,33.39817728492828,15265,/N/project/Bracewell_fly/Dwayne/unique_fna_clean/Eucryptorrhynchus_brandti_GCA_040894065.1_genomic.fna,/N/project/Bracewell_fly/Dwayne/helixer_results/Curculionoidea_GFF3_filtered_dropIDs/Eucryptorrhynchus_brandti_GCA_040894065.1.gff3
Curculionoidea,Euwallacea_fornicatus_GCF_040115645.1.gff3,39,165.803065,36.847422440218175,13157,/N/project/Bracewell_fly/Dwayne/unique_fna_clean/Euwallacea_fornicatus_GCF_040115645.1_genomic.fna,/N/project/Bracewell_fly/Dwayne/helixer_results/Curculionoidea_GFF3_filtered_dropIDs/Euwallacea_fornicatus_GCF_040115645.1.gff3
Curculionoidea,Euwallacea_similis_GCF_039881205.1.gff3,37,165.407384,35.75686800917469,13825,/N/project/Bracewell_fly/Dwayne/unique_fna_clean/Euwallacea_similis_GCF_039881205.1_genomic.fna,/N/project/Bracewell_fly/Dwayne/helixer_results/Curculionoidea_GFF3_filtered_dropIDs/Euwallacea_similis_GCF_039881205.1.gff3
Curculionoidea,Ips_nitidus_GCA_018691245.2.gff3,16,224.872858,35.13085027,15975,/N/project/Bracewell_fly/Dwayne/unique_fna_clean/Ips_nitidus_GCA_018691245.2_genomic.fna,/N/project/Bracewell_fly/Dwayne/helixer_results/Curculionoidea_GFF3_filtered_dropIDs/Ips_nitidus_GCA_018691245.2.gff3
Curculionoidea,Kyklioacalles_roboris_GCA_964211925.1.gff3,20,599.191345,34.802863010134026,21265,/N/project/Bracewell_fly/Dwayne/unique_fna_clean/Kyklioacalles_roboris_GCA_964211925.1_genomic.fna,/N/project/Bracewell_fly/Dwayne/helixer_results/Curculionoidea_GFF3_filtered_dropIDs/Kyklioacalles_roboris_GCA_964211925.1.gff3
Curculionoidea,Orchestes_rusci_GCA_958502075.1.gff3,12,620.377298,35.590338208761246,19413,/N/project/Bracewell_fly/Dwayne/unique_fna_clean/Orchestes_rusci_GCA_958502075.1_genomic.fna,/N/project/Bracewell_fly/Dwayne/helixer_results/Curculionoidea_GFF3_filtered_dropIDs/Orchestes_rusci_GCA_958502075.1.gff3
Curculionoidea,Oxystoma_pomonae_GCA_963921995.1.gff3,11,1174.047213,33.6014777,16495,/N/project/Bracewell_fly/Dwayne/unique_fna_clean/Oxystoma_pomonae_GCA_963921995.1_genomic.fna,/N/project/Bracewell_fly/Dwayne/helixer_results/Curculionoidea_GFF3_filtered_dropIDs/Oxystoma_pomonae_GCA_963921995.1.gff3
Curculionoidea,Pachyrhynchus_sulphureomaculatus_GCA_019049505.1.gff3,11,2000.581858,33.751605503749126,17550,/N/project/Bracewell_fly/Dwayne/unique_fna_clean/Pachyrhynchus_sulphureomaculatus_GCA_019049505.1_genomic.fna,/N/project/Bracewell_fly/Dwayne/helixer_results/Curculionoidea_GFF3_filtered_dropIDs/Pachyrhynchus_sulphureomaculatus_GCA_019049505.1.gff3
Curculionoidea,Philopedon_plagiatum_GCA_963971165.1.gff3,10,1044.535724,33.79481831816293,28178,/N/project/Bracewell_fly/Dwayne/unique_fna_clean/Philopedon_plagiatum_GCA_963971165.1_genomic.fna,/N/project/Bracewell_fly/Dwayne/helixer_results/Curculionoidea_GFF3_filtered_dropIDs/Philopedon_plagiatum_GCA_963971165.1.gff3
Curculionoidea,Platypus_cylindrus_GCA_949748235.1.gff3,8,136.929821,30.890134288129083,12574,/N/project/Bracewell_fly/Dwayne/unique_fna_clean/Platypus_cylindrus_GCA_949748235.1_genomic.fna,/N/project/Bracewell_fly/Dwayne/helixer_results/Curculionoidea_GFF3_filtered_dropIDs/Platypus_cylindrus_GCA_949748235.1.gff3
Curculionoidea,Platystomos_albinus_GCA_964106875.1.gff3,11,555.31142,36.369313935047025,18225,/N/project/Bracewell_fly/Dwayne/unique_fna_clean/Platystomos_albinus_GCA_964106875.1_genomic.fna,/N/project/Bracewell_fly/Dwayne/helixer_results/Curculionoidea_GFF3_filtered_dropIDs/Platystomos_albinus_GCA_964106875.1.gff3
Curculionoidea,Polydrusus_cervinus_GCA_935413205.1.gff3,11,713.293779,32.76930995,23440,/N/project/Bracewell_fly/Dwayne/unique_fna_clean/Polydrusus_cervinus_GCA_935413205.1_genomic.fna,/N/project/Bracewell_fly/Dwayne/helixer_results/Curculionoidea_GFF3_filtered_dropIDs/Polydrusus_cervinus_GCA_935413205.1.gff3
Curculionoidea,Polydrusus_pterygomalis_GCA_963969555.1.gff3,11,1050.754233,32.47114935441554,23132,/N/project/Bracewell_fly/Dwayne/unique_fna_clean/Polydrusus_pterygomalis_GCA_963969555.1_genomic.fna,/N/project/Bracewell_fly/Dwayne/helixer_results/Curculionoidea_GFF3_filtered_dropIDs/Polydrusus_pterygomalis_GCA_963969555.1.gff3
Curculionoidea,Polydrusus_tereticollis_GCA_963920685.1.gff3,12,1384.508646,34.035673797823314,32113,/N/project/Bracewell_fly/Dwayne/unique_fna_clean/Polydrusus_tereticollis_GCA_963920685.1_genomic.fna,/N/project/Bracewell_fly/Dwayne/helixer_results/Curculionoidea_GFF3_filtered_dropIDs/Polydrusus_tereticollis_GCA_963920685.1.gff3
Curculionoidea,Pseudeuparius_sepicola_GCA_963920635.1.gff3,12,767.956561,35.42155712608581,19495,/N/project/Bracewell_fly/Dwayne/unique_fna_clean/Pseudeuparius_sepicola_GCA_963920635.1_genomic.fna,/N/project/Bracewell_fly/Dwayne/helixer_results/Curculionoidea_GFF3_filtered_dropIDs/Pseudeuparius_sepicola_GCA_963920635.1.gff3
Curculionoidea,Sitona_lineatus_GCA_964263205.1.gff3,11,829.509358,32.452344464720504,18598,/N/project/Bracewell_fly/Dwayne/unique_fna_clean/Sitona_lineatus_GCA_964263205.1_genomic.fna,/N/project/Bracewell_fly/Dwayne/helixer_results/Curculionoidea_GFF3_filtered_dropIDs/Sitona_lineatus_GCA_964263205.1.gff3
Curculionoidea,Taphrorychus_bicolor_GCA_951812265.1.gff3,12,560.650972,35.983672206283096,16799,/N/project/Bracewell_fly/Dwayne/unique_fna_clean/Taphrorychus_bicolor_GCA_951812265.1_genomic.fna,/N/project/Bracewell_fly/Dwayne/helixer_results/Curculionoidea_GFF3_filtered_dropIDs/Taphrorychus_bicolor_GCA_951812265.1.gff3
Dascillidae,Dascillus_cervinus_GCA_949768715.1.gff3,9,274.027363,33.89384948405548,26142,/N/project/Bracewell_fly/Dwayne/unique_fna_clean/Dascillus_cervinus_GCA_949768715.1_genomic.fna,/N/project/Bracewell_fly/Dwayne/helixer_results/Dascillidae_GFF3_filtered_dropIDs/Dascillus_cervinus_GCA_949768715.1.gff3
Dystiscoidea,Liopterus_haemorrhoidalis_GCA_963971575.1.gff3,16,1011.085581,32.784444394121365,18026,/N/project/Bracewell_fly/Dwayne/unique_fna_clean/Liopterus_haemorrhoidalis_GCA_963971575.1_genomic.fna,/N/project/Bracewell_fly/Dwayne/helixer_results/Adephaga_GFF3_filtered_dropIDs/Liopterus_haemorrhoidalis_GCA_963971575.1.gff3
Elateroidea,Actenicerus_siaelandicus_GCA_964234755.1.gff3,10,813.860088,34.68858677,28474,/N/project/Bracewell_fly/Dwayne/unique_fna_clean/Actenicerus_siaelandicus_GCA_964234755.1_genomic.fna,/N/project/Bracewell_fly/Dwayne/helixer_results/Elateroidea_GFF3_filtered_dropIDs/Actenicerus_siaelandicus_GCA_964234755.1.gff3
Elateroidea,Ampedus_sanguinolentus_GCA_964234815.1.gff3,10,1529.538148,33.33583999252525,32857,/N/project/Bracewell_fly/Dwayne/unique_fna_clean/Ampedus_sanguinolentus_GCA_964234815.1_genomic.fna,/N/project/Bracewell_fly/Dwayne/helixer_results/Elateroidea_GFF3_filtered_dropIDs/Ampedus_sanguinolentus_GCA_964234815.1.gff3
Elateroidea,Aquatica_leii_GCA_035610365.1.gff3,8,1033.584138,31.885714763726547,20250,/N/project/Bracewell_fly/Dwayne/unique_fna_clean/Aquatica_leii_GCA_035610365.1_genomic.fna,/N/project/Bracewell_fly/Dwayne/helixer_results/Elateroidea_GFF3_filtered_dropIDs/Aquatica_leii_GCA_035610365.1.gff3
Elateroidea,Cantharis_flavilabris_GCA_949152465.1.gff3,7,347.626099,31.585505249304777,21172,/N/project/Bracewell_fly/Dwayne/unique_fna_clean/Cantharis_flavilabris_GCA_949152465.1_genomic.fna,/N/project/Bracewell_fly/Dwayne/helixer_results/Elateroidea_GFF3_filtered_dropIDs/Cantharis_flavilabris_GCA_949152465.1.gff3
Elateroidea,Cantharis_lateralis_GCA_963170105.1.gff3,7,324.737251,30.186137012869832,18932,/N/project/Bracewell_fly/Dwayne/unique_fna_clean/Cantharis_lateralis_GCA_963170105.1_genomic.fna,/N/project/Bracewell_fly/Dwayne/helixer_results/Elateroidea_GFF3_filtered_dropIDs/Cantharis_lateralis_GCA_963170105.1.gff3
Elateroidea,Cantharis_nigra_GCA_958510845.1.gff3,7,343.841965,30.94035935566862,19860,/N/project/Bracewell_fly/Dwayne/unique_fna_clean/Cantharis_nigra_GCA_958510845.1_genomic.fna,/N/project/Bracewell_fly/Dwayne/helixer_results/Elateroidea_GFF3_filtered_dropIDs/Cantharis_nigra_GCA_958510845.1.gff3
Elateroidea,Cantharis_rufa_GCA_947369205.1.gff3,7,354.985643,31.66753163149809,20775,/N/project/Bracewell_fly/Dwayne/unique_fna_clean/Cantharis_rufa_GCA_947369205.1_genomic.fna,/N/project/Bracewell_fly/Dwayne/helixer_results/Elateroidea_GFF3_filtered_dropIDs/Cantharis_rufa_GCA_947369205.1.gff3
Elateroidea,Cantharis_rustica_GCA_911387805.1.gff3,7,444.627916,30.937387877340193,19751,/N/project/Bracewell_fly/Dwayne/unique_fna_clean/Cantharis_rustica_GCA_911387805.1_genomic.fna,/N/project/Bracewell_fly/Dwayne/helixer_results/Elateroidea_GFF3_filtered_dropIDs/Cantharis_rustica_GCA_911387805.1.gff3
Elateroidea,Ctenicera_cuprea_GCA_958336395.1.gff3,12,617.802001,33.490140947269836,25529,/N/project/Bracewell_fly/Dwayne/unique_fna_clean/Ctenicera_cuprea_GCA_958336395.1_genomic.fna,/N/project/Bracewell_fly/Dwayne/helixer_results/Elateroidea_GFF3_filtered_dropIDs/Ctenicera_cuprea_GCA_958336395.1.gff3
Elateroidea,Denticollis_linearis_GCA_964205235.1.gff3,10,1455.697961,34.362965414329196,29016,/N/project/Bracewell_fly/Dwayne/unique_fna_clean/Denticollis_linearis_GCA_964205235.1_genomic.fna,/N/project/Bracewell_fly/Dwayne/helixer_results/Elateroidea_GFF3_filtered_dropIDs/Denticollis_linearis_GCA_964205235.1.gff3
Elateroidea,Hemicrepidius_niger_GCA_963082805.1.gff3,10,365.429993,34.50502205575654,20716,/N/project/Bracewell_fly/Dwayne/unique_fna_clean/Hemicrepidius_niger_GCA_963082805.1_genomic.fna,/N/project/Bracewell_fly/Dwayne/helixer_results/Elateroidea_GFF3_filtered_dropIDs/Hemicrepidius_niger_GCA_963082805.1.gff3
Elateroidea,Malthinus_flaveolus_GCA_950108345.1.gff3,6,236.688077,34.21254534037501,17455,/N/project/Bracewell_fly/Dwayne/unique_fna_clean/Malthinus_flaveolus_GCA_950108345.1_genomic.fna,/N/project/Bracewell_fly/Dwayne/helixer_results/Elateroidea_GFF3_filtered_dropIDs/Malthinus_flaveolus_GCA_950108345.1.gff3
Elateroidea,Malthinus_seriepunctatus_GCA_963924605.1.gff3,6,337.414013,32.58098743007308,21354,/N/project/Bracewell_fly/Dwayne/unique_fna_clean/Malthinus_seriepunctatus_GCA_963924605.1_genomic.fna,/N/project/Bracewell_fly/Dwayne/helixer_results/Elateroidea_GFF3_filtered_dropIDs/Malthinus_seriepunctatus_GCA_963924605.1.gff3
Elateroidea,Malthodes_minimus_GCA_964263285.1.gff3,6,568.308817,34.676145715685266,25792,/N/project/Bracewell_fly/Dwayne/unique_fna_clean/Malthodes_minimus_GCA_964263285.1_genomic.fna,/N/project/Bracewell_fly/Dwayne/helixer_results/Elateroidea_GFF3_filtered_dropIDs/Malthodes_minimus_GCA_964263285.1.gff3
Elateroidea,Melanotus_villosus_GCA_963082815.1.gff3,10,789.426432,33.590515822938364,23893,/N/project/Bracewell_fly/Dwayne/unique_fna_clean/Melanotus_villosus_GCA_963082815.1_genomic.fna,/N/project/Bracewell_fly/Dwayne/helixer_results/Elateroidea_GFF3_filtered_dropIDs/Melanotus_villosus_GCA_963082815.1.gff3
Elateroidea,Podabrus_alpinus_GCA_932274525.1.gff3,7,743.063496,34.150924926310495,27755,/N/project/Bracewell_fly/Dwayne/unique_fna_clean/Podabrus_alpinus_GCA_932274525.1_genomic.fna,/N/project/Bracewell_fly/Dwayne/helixer_results/Elateroidea_GFF3_filtered_dropIDs/Podabrus_alpinus_GCA_932274525.1.gff3
Elateroidea,Pyrocoelia_pectoralis_GCA_036250285.1.gff3,10,521.986511,34.57424626410094,24166,/N/project/Bracewell_fly/Dwayne/unique_fna_clean/Pyrocoelia_pectoralis_GCA_036250285.1_genomic.fna,/N/project/Bracewell_fly/Dwayne/helixer_results/Elateroidea_GFF3_filtered_dropIDs/Pyrocoelia_pectoralis_GCA_036250285.1.gff3
Elateroidea,Rhagonycha_fulva_GCA_905340355.1.gff3,7,424.519277,30.370447179895688,22579,/N/project/Bracewell_fly/Dwayne/unique_fna_clean/Rhagonycha_fulva_GCA_905340355.1_genomic.fna,/N/project/Bracewell_fly/Dwayne/helixer_results/Elateroidea_GFF3_filtered_dropIDs/Rhagonycha_fulva_GCA_905340355.1.gff3
Elateroidea,Rhagonycha_lutea_GCA_958510855.1.gff3,7,432.357448,31.97397872055504,23712,/N/project/Bracewell_fly/Dwayne/unique_fna_clean/Rhagonycha_lutea_GCA_958510855.1_genomic.fna,/N/project/Bracewell_fly/Dwayne/helixer_results/Elateroidea_GFF3_filtered_dropIDs/Rhagonycha_lutea_GCA_958510855.1.gff3
Elmidae,Elmis_aenea_GCA_947652605.1.gff3,9,492.28059,31.71194124317362,17710,/N/project/Bracewell_fly/Dwayne/unique_fna_clean/Elmis_aenea_GCA_947652605.1_genomic.fna,/N/project/Bracewell_fly/Dwayne/helixer_results/Elmidae_GFF3_filtered_dropIDs/Elmis_aenea_GCA_947652605.1.gff3
Histeridae,Hololepta_plana_GCA_963695495.1.gff3,12,136.345589,36.89459357479834,12590,/N/project/Bracewell_fly/Dwayne/unique_fna_clean/Hololepta_plana_GCA_963695495.1_genomic.fna,/N/project/Bracewell_fly/Dwayne/helixer_results/Histeridae_GFF3_filtered_dropIDs/Hololepta_plana_GCA_963695495.1.gff3
Ptinidae,Xestobium_rufovillosum_GCA_963966045.2.gff3,13,472.830934,36.624760193198966,19837,/N/project/Bracewell_fly/Dwayne/unique_fna_clean/Xestobium_rufovillosum_GCA_963966045.2_genomic.fna,/N/project/Bracewell_fly/Dwayne/helixer_results/Ptinidae_GFF3_filtered_dropIDs/Xestobium_rufovillosum_GCA_963966045.2.gff3
Scarabaeoidea,Amphimallon_solstitiale_GCA_963170755.1.gff3,11,1492.672221,32.558811681240115,49398,/N/project/Bracewell_fly/Dwayne/unique_fna_clean/Amphimallon_solstitiale_GCA_963170755.1_genomic.fna,/N/project/Bracewell_fly/Dwayne/helixer_results/Scarabaeoidea_GFF3_filtered_dropIDs/Amphimallon_solstitiale_GCA_963170755.1.gff3
Scarabaeoidea,Aphodius_fimetarius_GCA_964211865.1.gff3,10,956.702701,35.83195684263007,22678,/N/project/Bracewell_fly/Dwayne/unique_fna_clean/Aphodius_fimetarius_GCA_964211865.1_genomic.fna,/N/project/Bracewell_fly/Dwayne/helixer_results/Scarabaeoidea_GFF3_filtered_dropIDs/Aphodius_fimetarius_GCA_964211865.1.gff3
Scarabaeoidea,Aphodius_granarius_GCA_963971325.1.gff3,10,275.510074,36.27494061878857,17796,/N/project/Bracewell_fly/Dwayne/unique_fna_clean/Aphodius_granarius_GCA_963971325.1_genomic.fna,/N/project/Bracewell_fly/Dwayne/helixer_results/Scarabaeoidea_GFF3_filtered_dropIDs/Aphodius_granarius_GCA_963971325.1.gff3
Scarabaeoidea,Aphodius_sticticus_GCA_963966075.1.gff3,10,618.00166,34.58655879224073,23230,/N/project/Bracewell_fly/Dwayne/unique_fna_clean/Aphodius_sticticus_GCA_963966075.1_genomic.fna,/N/project/Bracewell_fly/Dwayne/helixer_results/Scarabaeoidea_GFF3_filtered_dropIDs/Aphodius_sticticus_GCA_963966075.1.gff3
Scarabaeoidea,Cetonia_aurata_GCA_949128085.1.gff3,10,467.23494,34.53943906445191,23333,/N/project/Bracewell_fly/Dwayne/unique_fna_clean/Cetonia_aurata_GCA_949128085.1_genomic.fna,/N/project/Bracewell_fly/Dwayne/helixer_results/Scarabaeoidea_GFF3_filtered_dropIDs/Cetonia_aurata_GCA_949128085.1.gff3
Scarabaeoidea,Chrysina_gloriosa_GCA_038088585.1.gff3,10,631.460855,35.81702231,18759,/N/project/Bracewell_fly/Dwayne/unique_fna_clean/Chrysina_gloriosa_GCA_038088585.1_genomic.fna,/N/project/Bracewell_fly/Dwayne/helixer_results/Scarabaeoidea_GFF3_filtered_dropIDs/Chrysina_gloriosa_GCA_038088585.1.gff3
Scarabaeoidea,Dorcus_hopei_GCA_033060865.1.gff3,9,500.803951,35.223717487813545,19977,/N/project/Bracewell_fly/Dwayne/unique_fna_clean/Dorcus_hopei_GCA_033060865.1_genomic.fna,/N/project/Bracewell_fly/Dwayne/helixer_results/Scarabaeoidea_GFF3_filtered_dropIDs/Dorcus_hopei_GCA_033060865.1.gff3
Scarabaeoidea,Dorcus_parallelipipedus_GCA_958336345.1.gff3,9,453.757056,34.86439874701012,21474,/N/project/Bracewell_fly/Dwayne/unique_fna_clean/Dorcus_parallelipipedus_GCA_958336345.1_genomic.fna,/N/project/Bracewell_fly/Dwayne/helixer_results/Scarabaeoidea_GFF3_filtered_dropIDs/Dorcus_parallelipipedus_GCA_958336345.1.gff3
Scarabaeoidea,Geotrupes_spiniger_GCA_959613385.1.gff3,11,473.28505,34.35847169091519,17264,/N/project/Bracewell_fly/Dwayne/unique_fna_clean/Geotrupes_spiniger_GCA_959613385.1_genomic.fna,/N/project/Bracewell_fly/Dwayne/helixer_results/Scarabaeoidea_GFF3_filtered_dropIDs/Geotrupes_spiniger_GCA_959613385.1.gff3
Scarabaeoidea,Holotrichia_oblita_GCA_023690525.1.gff3,10,1346.810899,34.32148043689102,44970,/N/project/Bracewell_fly/Dwayne/unique_fna_clean/Holotrichia_oblita_GCA_023690525.1_genomic.fna,/N/project/Bracewell_fly/Dwayne/helixer_results/Scarabaeoidea_GFF3_filtered_dropIDs/Holotrichia_oblita_GCA_023690525.1.gff3
Scarabaeoidea,Kibakoganea_sinica_GCA_043790905.1.gff3,10,598.837544,34.798710313325124,19470,/N/project/Bracewell_fly/Dwayne/unique_fna_clean/Kibakoganea_sinica_GCA_043790905.1_genomic.fna,/N/project/Bracewell_fly/Dwayne/helixer_results/Scarabaeoidea_GFF3_filtered_dropIDs/Kibakoganea_sinica_GCA_043790905.1.gff3
Scarabaeoidea,Melinopterus_prodromus_GCA_964023965.1.gff3,10,586.392658,35.067894210295584,21409,/N/project/Bracewell_fly/Dwayne/unique_fna_clean/Melinopterus_prodromus_GCA_964023965.1_genomic.fna,/N/project/Bracewell_fly/Dwayne/helixer_results/Scarabaeoidea_GFF3_filtered_dropIDs/Melinopterus_prodromus_GCA_964023965.1.gff3
Scarabaeoidea,Melolontha_melolontha_GCA_935421215.2.gff3,10,1646.642359,32.92935094599744,33726,/N/project/Bracewell_fly/Dwayne/unique_fna_clean/Melolontha_melolontha_GCA_935421215.2_genomic.fna,/N/project/Bracewell_fly/Dwayne/helixer_results/Scarabaeoidea_GFF3_filtered_dropIDs/Melolontha_melolontha_GCA_935421215.2.gff3
Scarabaeoidea,Onthophagus_taurus_GCA_036711975.1.gff3,10,270.602675,33.432409648640586,15970,/N/project/Bracewell_fly/Dwayne/unique_fna_clean/Onthophagus_taurus_GCA_036711975.1_genomic.fna,/N/project/Bracewell_fly/Dwayne/helixer_results/Scarabaeoidea_GFF3_filtered_dropIDs/Onthophagus_taurus_GCA_036711975.1.gff3
Scarabaeoidea,Prosopocoilus_inquinatus_GCA_036172665.1.gff3,12,612.117698,35.319780725470096,48344,/N/project/Bracewell_fly/Dwayne/unique_fna_clean/Prosopocoilus_inquinatus_GCA_036172665.1_genomic.fna,/N/project/Bracewell_fly/Dwayne/helixer_results/Scarabaeoidea_GFF3_filtered_dropIDs/Prosopocoilus_inquinatus_GCA_036172665.1.gff3
Scarabaeoidea,Serrognathus_titanus_GCA_039766575.1.gff3,6,374.301628,34.28923139,19318,/N/project/Bracewell_fly/Dwayne/unique_fna_clean/Serrognathus_titanus_GCA_039766575.1_genomic.fna,/N/project/Bracewell_fly/Dwayne/helixer_results/Scarabaeoidea_GFF3_filtered_dropIDs/Serrognathus_titanus_GCA_039766575.1.gff3
Scarabaeoidea,Trypoxylus_dichotomus_GCA_023509865.1.gff3,10,606.798054,34.91650772158122,21568,/N/project/Bracewell_fly/Dwayne/unique_fna_clean/Trypoxylus_dichotomus_GCA_023509865.1_genomic.fna,/N/project/Bracewell_fly/Dwayne/helixer_results/Scarabaeoidea_GFF3_filtered_dropIDs/Trypoxylus_dichotomus_GCA_023509865.1.gff3
Staphylinoidea,Aleochara_curtula_GCA_963978815.1.gff3,10,132.176758,37.30055102055238,13088,/N/project/Bracewell_fly/Dwayne/unique_fna_clean/Aleochara_curtula_GCA_963978815.1_genomic.fna,/N/project/Bracewell_fly/Dwayne/helixer_results/Staphylinoidea_GFF3_filtered_dropIDs/Aleochara_curtula_GCA_963978815.1.gff3
Staphylinoidea,Leptodirus_hochenwartii_GCA_947310635.1.gff3,14,470.43165,31.825783538034358,12959,/N/project/Bracewell_fly/Dwayne/unique_fna_clean/Leptodirus_hochenwartii_GCA_947310635.1_genomic.fna,/N/project/Bracewell_fly/Dwayne/helixer_results/Staphylinoidea_GFF3_filtered_dropIDs/Leptodirus_hochenwartii_GCA_947310635.1.gff3
Staphylinoidea,Lordithon_lunulatus_GCA_963942505.1.gff3,10,575.059745,37.295160075117174,14144,/N/project/Bracewell_fly/Dwayne/unique_fna_clean/Lordithon_lunulatus_GCA_963942505.1_genomic.fna,/N/project/Bracewell_fly/Dwayne/helixer_results/Staphylinoidea_GFF3_filtered_dropIDs/Lordithon_lunulatus_GCA_963942505.1.gff3
Staphylinoidea,Nicrophorus_investigator_GCA_963457615.1.gff3,7,187.150796,31.33769429380915,14086,/N/project/Bracewell_fly/Dwayne/unique_fna_clean/Nicrophorus_investigator_GCA_963457615.1_genomic.fna,/N/project/Bracewell_fly/Dwayne/helixer_results/Staphylinoidea_GFF3_filtered_dropIDs/Nicrophorus_investigator_GCA_963457615.1.gff3
Staphylinoidea,Ocypus_olens_GCA_910593695.2.gff3,20,1070.483798,32.560592172312866,18976,/N/project/Bracewell_fly/Dwayne/unique_fna_clean/Ocypus_olens_GCA_910593695.2_genomic.fna,/N/project/Bracewell_fly/Dwayne/helixer_results/Staphylinoidea_GFF3_filtered_dropIDs/Ocypus_olens_GCA_910593695.2.gff3
Staphylinoidea,Ontholestes_murinus_GCA_963969525.1.gff3,13,945.682465,31.36202905262604,15521,/N/project/Bracewell_fly/Dwayne/unique_fna_clean/Ontholestes_murinus_GCA_963969525.1_genomic.fna,/N/project/Bracewell_fly/Dwayne/helixer_results/Staphylinoidea_GFF3_filtered_dropIDs/Ontholestes_murinus_GCA_963969525.1.gff3
Staphylinoidea,Othius_punctulatus_GCA_951805005.1.gff3,10,843.654085,32.887139556405316,18953,/N/project/Bracewell_fly/Dwayne/unique_fna_clean/Othius_punctulatus_GCA_951805005.1_genomic.fna,/N/project/Bracewell_fly/Dwayne/helixer_results/Staphylinoidea_GFF3_filtered_dropIDs/Othius_punctulatus_GCA_951805005.1.gff3
Staphylinoidea,Philonthus_cognatus_GCA_932526585.2.gff3,12,969.474216,32.952316632248476,19886,/N/project/Bracewell_fly/Dwayne/unique_fna_clean/Philonthus_cognatus_GCA_932526585.2_genomic.fna,/N/project/Bracewell_fly/Dwayne/helixer_results/Staphylinoidea_GFF3_filtered_dropIDs/Philonthus_cognatus_GCA_932526585.2.gff3
Staphylinoidea,Philonthus_spinipes_GCA_963082785.1.gff3,25,668.218573,30.79104069292706,14974,/N/project/Bracewell_fly/Dwayne/unique_fna_clean/Philonthus_spinipes_GCA_963082785.1_genomic.fna,/N/project/Bracewell_fly/Dwayne/helixer_results/Staphylinoidea_GFF3_filtered_dropIDs/Philonthus_spinipes_GCA_963082785.1.gff3
Staphylinoidea,Phosphuga_atrata_GCA_944588485.1.gff3,17,1136.848197,35.83535315698342,14827,/N/project/Bracewell_fly/Dwayne/unique_fna_clean/Phosphuga_atrata_GCA_944588485.1_genomic.fna,/N/project/Bracewell_fly/Dwayne/helixer_results/Staphylinoidea_GFF3_filtered_dropIDs/Phosphuga_atrata_GCA_944588485.1.gff3
Staphylinoidea,Staphylinus_erythropterus_GCA_964211955.1.gff3,22,1257.815196,34.27807963522644,21058,/N/project/Bracewell_fly/Dwayne/unique_fna_clean/Staphylinus_erythropterus_GCA_964211955.1_genomic.fna,/N/project/Bracewell_fly/Dwayne/helixer_results/Staphylinoidea_GFF3_filtered_dropIDs/Staphylinus_erythropterus_GCA_964211955.1.gff3
Staphylinoidea,Stenus_bimaculatus_GCA_963971135.1.gff3,8,384.922608,30.256771556058712,17958,/N/project/Bracewell_fly/Dwayne/unique_fna_clean/Stenus_bimaculatus_GCA_963971135.1_genomic.fna,/N/project/Bracewell_fly/Dwayne/helixer_results/Staphylinoidea_GFF3_filtered_dropIDs/Stenus_bimaculatus_GCA_963971135.1.gff3
Staphylinoidea,Tachinus_rufipes_GCA_963932245.1.gff3,11,1129.950223,30.45979288911676,19102,/N/project/Bracewell_fly/Dwayne/unique_fna_clean/Tachinus_rufipes_GCA_963932245.1_genomic.fna,/N/project/Bracewell_fly/Dwayne/helixer_results/Staphylinoidea_GFF3_filtered_dropIDs/Tachinus_rufipes_GCA_963932245.1.gff3
Tenebrionidae,Anaspis_frontalis_GCA_964243895.1.gff3,8,774.643943,38.83833929974493,24287,/N/project/Bracewell_fly/Dwayne/unique_fna_clean/Anaspis_frontalis_GCA_964243895.1_genomic.fna,/N/project/Bracewell_fly/Dwayne/helixer_results/Tenebrionidae_GFF3_filtered_dropIDs/Anaspis_frontalis_GCA_964243895.1.gff3
Tenebrionidae,Anaspis_maculata_GCA_949128115.1.gff3,8,752.697178,39.97506708794306,21844,/N/project/Bracewell_fly/Dwayne/unique_fna_clean/Anaspis_maculata_GCA_949128115.1_genomic.fna,/N/project/Bracewell_fly/Dwayne/helixer_results/Tenebrionidae_GFF3_filtered_dropIDs/Anaspis_maculata_GCA_949128115.1.gff3
Tenebrionidae,Anaspis_regimbarti_GCA_964204715.1.gff3,8,457.147604,38.47034290292896,22944,/N/project/Bracewell_fly/Dwayne/unique_fna_clean/Anaspis_regimbarti_GCA_964204715.1_genomic.fna,/N/project/Bracewell_fly/Dwayne/helixer_results/Tenebrionidae_GFF3_filtered_dropIDs/Anaspis_regimbarti_GCA_964204715.1.gff3
Tenebrionidae,Blaps_rhynchoptera_GCA_042257705.1.gff3,20,364.168069,35.22203388346257,19981,/N/project/Bracewell_fly/Dwayne/unique_fna_clean/Blaps_rhynchoptera_GCA_042257705.1_genomic.fna,/N/project/Bracewell_fly/Dwayne/helixer_results/Tenebrionidae_GFF3_filtered_dropIDs/Blaps_rhynchoptera_GCA_042257705.1.gff3
Tenebrionidae,Cynaeus_angustus_GCA_030157275.1.gff3,10,234.940734,32.602719416301134,17867,/N/project/Bracewell_fly/Dwayne/unique_fna_clean/Cynaeus_angustus_GCA_030157275.1_genomic.fna,/N/project/Bracewell_fly/Dwayne/helixer_results/Tenebrionidae_GFF3_filtered_dropIDs/Cynaeus_angustus_GCA_030157275.1.gff3
Tenebrionidae,Dendarus_foraminosus_GCA_964262855.1.gff3,11,506.030283,34.86630610599564,23588,/N/project/Bracewell_fly/Dwayne/unique_fna_clean/Dendarus_foraminosus_GCA_964262855.1_genomic.fna,/N/project/Bracewell_fly/Dwayne/helixer_results/Tenebrionidae_GFF3_filtered_dropIDs/Dendarus_foraminosus_GCA_964262855.1.gff3
Tenebrionidae,Diaperis_boleti_GCA_963583935.1.gff3,7,482.842004,36.040636152194814,18939,/N/project/Bracewell_fly/Dwayne/unique_fna_clean/Diaperis_boleti_GCA_963583935.1_genomic.fna,/N/project/Bracewell_fly/Dwayne/helixer_results/Tenebrionidae_GFF3_filtered_dropIDs/Diaperis_boleti_GCA_963583935.1.gff3
Tenebrionidae,Eledona_agricola_GCA_964023215.1.gff3,10,271.4253,35.61216567388053,15141,/N/project/Bracewell_fly/Dwayne/unique_fna_clean/Eledona_agricola_GCA_964023215.1_genomic.fna,/N/project/Bracewell_fly/Dwayne/helixer_results/Tenebrionidae_GFF3_filtered_dropIDs/Eledona_agricola_GCA_964023215.1.gff3
Tenebrionidae,Gnatocerus_cornutus_GCA_029298725.1.gff3,10,206.467612,35.327076121497605,17581,/N/project/Bracewell_fly/Dwayne/unique_fna_clean/Gnatocerus_cornutus_GCA_029298725.1_genomic.fna,/N/project/Bracewell_fly/Dwayne/helixer_results/Tenebrionidae_GFF3_filtered_dropIDs/Gnatocerus_cornutus_GCA_029298725.1.gff3
Tenebrionidae,Lagria_hirta_GCA_947359425.1.gff3,12,334.43832,29.438471672324496,17491,/N/project/Bracewell_fly/Dwayne/unique_fna_clean/Lagria_hirta_GCA_947359425.1_genomic.fna,/N/project/Bracewell_fly/Dwayne/helixer_results/Tenebrionidae_GFF3_filtered_dropIDs/Lagria_hirta_GCA_947359425.1.gff3
Tenebrionidae,Latheticus_oryzae_GCA_030157265.1.gff3,10,157.973464,30.578466212442393,14654,/N/project/Bracewell_fly/Dwayne/unique_fna_clean/Latheticus_oryzae_GCA_030157265.1_genomic.fna,/N/project/Bracewell_fly/Dwayne/helixer_results/Tenebrionidae_GFF3_filtered_dropIDs/Latheticus_oryzae_GCA_030157265.1.gff3
Tenebrionidae,Mylabris_sibirica_GCA_039776855.1.gff3,10,138.248931,31.147222228189772,14352,/N/project/Bracewell_fly/Dwayne/unique_fna_clean/Mylabris_sibirica_GCA_039776855.1_genomic.fna,/N/project/Bracewell_fly/Dwayne/helixer_results/Tenebrionidae_GFF3_filtered_dropIDs/Mylabris_sibirica_GCA_039776855.1.gff3
Tenebrionidae,Pycnomerus_fuliginosus_GCA_963924575.1.gff3,11,344.208816,36.91148100396024,21813,/N/project/Bracewell_fly/Dwayne/unique_fna_clean/Pycnomerus_fuliginosus_GCA_963924575.1_genomic.fna,/N/project/Bracewell_fly/Dwayne/helixer_results/Tenebrionidae_GFF3_filtered_dropIDs/Pycnomerus_fuliginosus_GCA_963924575.1.gff3
Tenebrionidae,Pyrochroa_serraticornis_GCA_905333025.2.gff3,10,242.384871,34.31100642237458,17277,/N/project/Bracewell_fly/Dwayne/unique_fna_clean/Pyrochroa_serraticornis_GCA_905333025.2_genomic.fna,/N/project/Bracewell_fly/Dwayne/helixer_results/Tenebrionidae_GFF3_filtered_dropIDs/Pyrochroa_serraticornis_GCA_905333025.2.gff3
Tenebrionidae,Salpingus_planirostris_GCA_949788335.1.gff3,13,119.955327,41.346946074864206,13842,/N/project/Bracewell_fly/Dwayne/unique_fna_clean/Salpingus_planirostris_GCA_949788335.1_genomic.fna,/N/project/Bracewell_fly/Dwayne/helixer_results/Tenebrionidae_GFF3_filtered_dropIDs/Salpingus_planirostris_GCA_949788335.1.gff3
Tenebrionidae,Schizotus_pectinicornis_GCA_951805265.1.gff3,9,168.665241,37.67515888009386,16038,/N/project/Bracewell_fly/Dwayne/unique_fna_clean/Schizotus_pectinicornis_GCA_951805265.1_genomic.fna,/N/project/Bracewell_fly/Dwayne/helixer_results/Tenebrionidae_GFF3_filtered_dropIDs/Schizotus_pectinicornis_GCA_951805265.1.gff3
Tenebrionidae,Tenebrio_molitor_GCF_963966145.1.gff3,10,265.862658,36.29440938891246,20883,/N/project/Bracewell_fly/Dwayne/unique_fna_clean/Tenebrio_molitor_GCF_963966145.1_genomic.fna,/N/project/Bracewell_fly/Dwayne/helixer_results/Tenebrionidae_GFF3_filtered_dropIDs/Tenebrio_molitor_GCF_963966145.1.gff3
Tenebrionidae,Tribolium_castaneum_GCF_000002335.3.gff3,10,147.631796,33.98888688550151,14337,/N/project/Bracewell_fly/Dwayne/unique_fna_clean/Tribolium_castaneum_GCF_000002335.3_genomic.fna,/N/project/Bracewell_fly/Dwayne/helixer_results/Tenebrionidae_GFF3_filtered_dropIDs/Tribolium_castaneum_GCF_000002335.3.gff3
Tenebrionidae,Tribolium_confusum_GCA_019155225.1.gff3,9,300.670262,30.721060713819707,13363,/N/project/Bracewell_fly/Dwayne/unique_fna_clean/Tribolium_confusum_GCA_019155225.1_genomic.fna,/N/project/Bracewell_fly/Dwayne/helixer_results/Tenebrionidae_GFF3_filtered_dropIDs/Tribolium_confusum_GCA_019155225.1.gff3
Tenebrionidae,Tribolium_freemani_GCA_939628115.1.gff3,10,261.99999,32.481091177840604,19193,/N/project/Bracewell_fly/Dwayne/unique_fna_clean/Tribolium_freemani_GCA_939628115.1_genomic.fna,/N/project/Bracewell_fly/Dwayne/helixer_results/Tenebrionidae_GFF3_filtered_dropIDs/Tribolium_freemani_GCA_939628115.1.gff3
Tenebrionidae,Ulomoides_dermestoides_GCA_040954815.1.gff3,11,238.006544,33.40389169094699,16213,/N/project/Bracewell_fly/Dwayne/unique_fna_clean/Ulomoides_dermestoides_GCA_040954815.1_genomic.fna,/N/project/Bracewell_fly/Dwayne/helixer_results/Tenebrionidae_GFF3_filtered_dropIDs/Ulomoides_dermestoides_GCA_040954815.1.gff3
Tenebrionidae,Zophobas_atratus_GCA_022388445.1.gff3,10,465.207537,33.41477740608989,24889,/N/project/Bracewell_fly/Dwayne/unique_fna_clean/Zophobas_atratus_GCA_022388445.1_genomic.fna,/N/project/Bracewell_fly/Dwayne/helixer_results/Tenebrionidae_GFF3_filtered_dropIDs/Zophobas_atratus_GCA_022388445.1.gff3
